a1809,DCE,퀎州1줸1809,1,1,10,0,
a1809,DCE,퀎州1줸1809,1,1,10,0,
a1809,DCE,퀎州1줸1809,1,1,10,0,
a1809,DCE,퀎州1줸1809,1,1,10,0,
a1809,DCE,퀎州1줸1809,1,1,10,0,
a1809,DCE,퀎州1줸1809,1,1,10,0,
a1809,DCE,퀎州1줸1809,1,1,10,0,
a1809,DCE,퀎州1줸1809,1,1,10,0,
a1809,DCE,퀎州1줸1809,1,1,10,0,
a1809,DCE,퀎州1줸1809,1,1,10,0,
a1809,DCE,퀎州1줸1809,1,1,10,0,
a1809,DCE,퀎州1줸1809,1,1,10,0,
a1809,DCE,퀎州1줸1809,1,1,10,0,
a1809,DCE,퀎州1줸1809,1,1,10,0,
a1809,DCE,퀎州1줸1809,1,1,10,0,
a1809,DCE,퀎州1줸1809,1,1,10,0,
a1809,DCE,퀎州1줸1809,1,1,10,0,
a1809,DCE,퀎州1줸1809,1,1,10,0,
a1809,DCE,퀎州1줸1809,1,1,10,0,
a1809,DCE,퀎州1줸1809,1,1,10,0,
a1809,DCE,퀎州1줸1809,1,1,10,0,
a1809,DCE,퀎州1줸1809,1,1,10,0,
a1809,DCE,퀎州1줸1809,1,1,10,0,
a1809,DCE,퀎州1줸1809,1,1,10,0,
a1809,DCE,퀎州1줸1809,1,1,10,0,
a1809,DCE,퀎州1줸1809,1,1,10,0,
a1809,DCE,퀎州1줸1809,1,1,10,0,
a1809,DCE,퀎州1줸1809,1,1,10,0,
a1809,DCE,퀎州1줸1809,1,1,10,0,
a1809,DCE,퀎州1줸1809,1,1,10,0,
a1809,DCE,퀎州1줸1809,1,1,10,0,
a1809,DCE,퀎州1줸1809,1,1,10,0,
a1809,DCE,퀎州1줸1809,1,1,10,0,
a1809,DCE,퀎州1줸1809,1,1,10,0,
a1809,DCE,퀎州1줸1809,1,1,10,0,
a1809,DCE,퀎州1줸1809,1,1,10,0,
a1809,DCE,퀎州1줸1809,1,1,10,0,
a1809,DCE,퀎州1줸1809,1,1,10,0,
a1809,DCE,퀎州1줸1809,1,1,10,0,
a1809,DCE,퀎州1줸1809,1,1,10,0,
a1809,DCE,퀎州1줸1809,1,1,10,0,
a1809,DCE,퀎州1줸1809,1,1,10,0,
a1809,DCE,퀎州1줸1809,1,1,10,0,
a1809,DCE,퀎州1줸1809,1,1,10,0,
a1809,DCE,퀎州1줸1809,1,1,10,0,
a1809,DCE,퀎州1줸1809,1,1,10,0,
a1809,DCE,퀎州1줸1809,1,1,10,0,
