sc1807,INE,原油1807,0.1,1,1000,0,
sc1807,INE,原油1807,0.1,1,1000,0,
sc1807,INE,原油1807,0.1,1,1000,0,
sc1807,INE,原油1807,0.1,1,1000,0,
sc1807,INE,原油1807,0.1,1,1000,0,
sc1807,INE,原油1807,0.1,1,1000,0,
sc1807,INE,原油1807,0.1,1,1000,0,
sc1807,INE,原油1807,0.1,1,1000,0,
sc1807,INE,原油1807,0.1,1,1000,0,
sc1807,INE,原油1807,0.1,1,1000,0,
sc1807,INE,原油1807,0.1,1,1000,0,
sc1807,INE,原油1807,0.1,1,1000,0,
sc1807,INE,原油1807,0.1,1,1000,0,
sc1807,INE,原油1807,0.1,1,1000,0,
sc1807,INE,原油1807,0.1,1,1000,0,
sc1807,INE,原油1807,0.1,1,1000,0,
sc1807,INE,原油1807,0.1,1,1000,0,
sc1807,INE,原油1807,0.1,1,1000,0,
sc1807,INE,原油1807,0.1,1,1000,0,
sc1807,INE,原油1807,0.1,1,1000,0,
sc1807,INE,原油1807,0.1,1,1000,0,
sc1807,INE,原油1807,0.1,1,1000,0,
sc1807,INE,原油1807,0.1,1,1000,0,
sc1807,INE,原油1807,0.1,1,1000,0,
sc1807,INE,原油1807,0.1,1,1000,0,
sc1807,INE,原油1807,0.1,1,1000,0,
sc1807,INE,原油1807,0.1,1,1000,0,
sc1807,INE,原油1807,0.1,1,1000,0,
sc1807,INE,原油1807,0.1,1,1000,0,
sc1807,INE,原油1807,0.1,1,1000,0,
sc1807,INE,原油1807,0.1,1,1000,0,
sc1807,INE,原油1807,0.1,1,1000,0,
sc1807,INE,原油1807,0.1,1,1000,0,
sc1807,INE,原油1807,0.1,1,1000,0,
sc1807,INE,原油1807,0.1,1,1000,0,
sc1807,INE,原油1807,0.1,1,1000,0,
sc1807,INE,原油1807,0.1,1,1000,0,
sc1807,INE,原油1807,0.1,1,1000,0,
sc1807,INE,原油1807,0.1,1,1000,0,
sc1807,INE,原油1807,0.1,1,1000,0,
sc1807,INE,原油1807,0.1,1,1000,0,
sc1807,INE,原油1807,0.1,1,1000,0,
sc1807,INE,原油1807,0.1,1,1000,0,
sc1807,INE,原油1807,0.1,1,1000,0,
