TA904,CZCE,化纤904,2,1,5,1.79769e+308,
TA904,CZCE,化纤904,2,1,5,1.79769e+308,
TA904,CZCE,化纤904,2,1,5,1.79769e+308,
TA904,CZCE,化纤904,2,1,5,1.79769e+308,
TA904,CZCE,化纤904,2,1,5,1.79769e+308,
TA904,CZCE,化纤904,2,1,5,1.79769e+308,
TA904,CZCE,化纤904,2,1,5,1.79769e+308,
TA904,CZCE,化纤904,2,1,5,1.79769e+308,
TA904,CZCE,化纤904,2,1,5,1.79769e+308,
TA904,CZCE,化纤904,2,1,5,1.79769e+308,
TA904,CZCE,化纤904,2,1,5,1.79769e+308,
TA904,CZCE,化纤904,2,1,5,1.79769e+308,
TA904,CZCE,化纤904,2,1,5,1.79769e+308,
TA904,CZCE,化纤904,2,1,5,1.79769e+308,
TA904,CZCE,化纤904,2,1,5,1.79769e+308,
TA904,CZCE,化纤904,2,1,5,1.79769e+308,
TA904,CZCE,化纤904,2,1,5,1.79769e+308,
TA904,CZCE,化纤904,2,1,5,1.79769e+308,
TA904,CZCE,化纤904,2,1,5,1.79769e+308,
TA904,CZCE,化纤904,2,1,5,1.79769e+308,
TA904,CZCE,化纤904,2,1,5,1.79769e+308,
TA904,CZCE,化纤904,2,1,5,1.79769e+308,
TA904,CZCE,化纤904,2,1,5,1.79769e+308,
TA904,CZCE,化纤904,2,1,5,1.79769e+308,
TA904,CZCE,化纤904,2,1,5,1.79769e+308,
TA904,CZCE,化纤904,2,1,5,1.79769e+308,
TA904,CZCE,化纤904,2,1,5,1.79769e+308,
TA904,CZCE,化纤904,2,1,5,1.79769e+308,
TA904,CZCE,化纤904,2,1,5,1.79769e+308,
TA904,CZCE,化纤904,2,1,5,1.79769e+308,
TA904,CZCE,化纤904,2,1,5,1.79769e+308,
TA904,CZCE,化纤904,2,1,5,1.79769e+308,
TA904,CZCE,化纤904,2,1,5,1.79769e+308,
TA904,CZCE,化纤904,2,1,5,1.79769e+308,
TA904,CZCE,化纤904,2,1,5,1.79769e+308,
TA904,CZCE,化纤904,2,1,5,1.79769e+308,
TA904,CZCE,化纤904,2,1,5,1.79769e+308,
TA904,CZCE,化纤904,2,1,5,1.79769e+308,
TA904,CZCE,化纤904,2,1,5,1.79769e+308,
TA904,CZCE,化纤904,2,1,5,1.79769e+308,
TA904,CZCE,化纤904,2,1,5,1.79769e+308,
TA904,CZCE,化纤904,2,1,5,1.79769e+308,
TA904,CZCE,化纤904,2,1,5,1.79769e+308,
TA904,CZCE,化纤904,2,1,5,1.79769e+308,
TA904,CZCE,化纤904,2,1,5,1.79769e+308,
TA904,CZCE,化纤904,2,1,5,1.79769e+308,
TA904,CZCE,化纤904,2,1,5,1.79769e+308,
