TF1903,CFFEX,5年国债1903,0.005,1,10000,0,
TF1903,CFFEX,5年国债1903,0.005,1,10000,0,
TF1903,CFFEX,5年国债1903,0.005,1,10000,0,
TF1903,CFFEX,5年国债1903,0.005,1,10000,0,
TF1903,CFFEX,5年国债1903,0.005,1,10000,0,
TF1903,CFFEX,5年国债1903,0.005,1,10000,0,
TF1903,CFFEX,5年国债1903,0.005,1,10000,0,
TF1903,CFFEX,5年国债1903,0.005,1,10000,0,
TF1903,CFFEX,5年国债1903,0.005,1,10000,0,
TF1903,CFFEX,5年国债1903,0.005,1,10000,0,
TF1903,CFFEX,5年国债1903,0.005,1,10000,0,
TF1903,CFFEX,5年国债1903,0.005,1,10000,0,
TF1903,CFFEX,5年国债1903,0.005,1,10000,0,
TF1903,CFFEX,5年国债1903,0.005,1,10000,0,
TF1903,CFFEX,5年国债1903,0.005,1,10000,0,
TF1903,CFFEX,5年国债1903,0.005,1,10000,0,
TF1903,CFFEX,5年国债1903,0.005,1,10000,0,
TF1903,CFFEX,5年国债1903,0.005,1,10000,0,
TF1903,CFFEX,5年国债1903,0.005,1,10000,0,
TF1903,CFFEX,5年国债1903,0.005,1,10000,0,
TF1903,CFFEX,5年国债1903,0.005,1,10000,0,
TF1903,CFFEX,5年国债1903,0.005,1,10000,0,
TF1903,CFFEX,5年国债1903,0.005,1,10000,0,
TF1903,CFFEX,5年国债1903,0.005,1,10000,0,
TF1903,CFFEX,5年国债1903,0.005,1,10000,0,
TF1903,CFFEX,5年国债1903,0.005,1,10000,0,
TF1903,CFFEX,5年国债1903,0.005,1,10000,0,
TF1903,CFFEX,5年国债1903,0.005,1,10000,0,
TF1903,CFFEX,5年国债1903,0.005,1,10000,0,
TF1903,CFFEX,5年国债1903,0.005,1,10000,0,
TF1903,CFFEX,5年国债1903,0.005,1,10000,0,
TF1903,CFFEX,5年国债1903,0.005,1,10000,0,
TF1903,CFFEX,5年国债1903,0.005,1,10000,0,
